Simulation;
Gaming;
Programming;
Web Intelligence;
Agents;
Security;
Ubiquitous;
Decision Support Systems;
Networking;
Computer Algebra;
Education;
Biotechnology;
Databases Systems;
Cybernetics;
Software Engineering;
Parallel and Distributed Computing;
Microelectronics;
Computer Music;
Communications;
Web ;
Business Intelligence;
Human Interaction;
Learning;
VLSI;
Artificial Intelligence;
Operations Research;
Nanotechnology;
Theoretical Computer Science;
Multidisciplinary;
Dynamical Systems;
Web Semantics;
Consumer Engineering;
